{
  "type": "GROUP",
"name": "All Requests",
"path": "",
"pathFormatted": "group_missing-name-b06d1",
"stats": {
    "name": "All Requests",
    "numberOfRequests": {
        "total": 14944,
        "ok": 14944,
        "ko": 0
    },
    "minResponseTime": {
        "total": 3,
        "ok": 3,
        "ko": 0
    },
    "maxResponseTime": {
        "total": 1533,
        "ok": 1533,
        "ko": 0
    },
    "meanResponseTime": {
        "total": 65,
        "ok": 65,
        "ko": 0
    },
    "standardDeviation": {
        "total": 80,
        "ok": 80,
        "ko": 0
    },
    "percentiles1": {
        "total": 41,
        "ok": 41,
        "ko": 0
    },
    "percentiles2": {
        "total": 78,
        "ok": 78,
        "ko": 0
    },
    "percentiles3": {
        "total": 202,
        "ok": 202,
        "ko": 0
    },
    "percentiles4": {
        "total": 388,
        "ok": 388,
        "ko": 0
    },
    "group1": {
    "name": "t < 800 ms",
    "htmlName": "t < 800 ms",
    "count": 14931,
    "percentage": 100
},
    "group2": {
    "name": "800 ms <= t < 1200 ms",
    "htmlName": "t >= 800 ms <br> t < 1200 ms",
    "count": 9,
    "percentage": 0
},
    "group3": {
    "name": "t >= 1200 ms",
    "htmlName": "t >= 1200 ms",
    "count": 4,
    "percentage": 0
},
    "group4": {
    "name": "failed",
    "htmlName": "failed",
    "count": 0,
    "percentage": 0
},
    "meanNumberOfRequestsPerSecond": {
        "total": 147.96039603960395,
        "ok": 147.96039603960395,
        "ko": 0
    }
},
"contents": {
"req_search-13348": {
        "type": "REQUEST",
        "name": "Search",
"path": "Search",
"pathFormatted": "req_search-13348",
"stats": {
    "name": "Search",
    "numberOfRequests": {
        "total": 14944,
        "ok": 14944,
        "ko": 0
    },
    "minResponseTime": {
        "total": 3,
        "ok": 3,
        "ko": 0
    },
    "maxResponseTime": {
        "total": 1533,
        "ok": 1533,
        "ko": 0
    },
    "meanResponseTime": {
        "total": 65,
        "ok": 65,
        "ko": 0
    },
    "standardDeviation": {
        "total": 80,
        "ok": 80,
        "ko": 0
    },
    "percentiles1": {
        "total": 41,
        "ok": 41,
        "ko": 0
    },
    "percentiles2": {
        "total": 78,
        "ok": 78,
        "ko": 0
    },
    "percentiles3": {
        "total": 202,
        "ok": 202,
        "ko": 0
    },
    "percentiles4": {
        "total": 388,
        "ok": 388,
        "ko": 0
    },
    "group1": {
    "name": "t < 800 ms",
    "htmlName": "t < 800 ms",
    "count": 14931,
    "percentage": 100
},
    "group2": {
    "name": "800 ms <= t < 1200 ms",
    "htmlName": "t >= 800 ms <br> t < 1200 ms",
    "count": 9,
    "percentage": 0
},
    "group3": {
    "name": "t >= 1200 ms",
    "htmlName": "t >= 1200 ms",
    "count": 4,
    "percentage": 0
},
    "group4": {
    "name": "failed",
    "htmlName": "failed",
    "count": 0,
    "percentage": 0
},
    "meanNumberOfRequestsPerSecond": {
        "total": 147.96039603960395,
        "ok": 147.96039603960395,
        "ko": 0
    }
}
    }
}

}