{
  "type": "GROUP",
"name": "All Requests",
"path": "",
"pathFormatted": "group_missing-name-b06d1",
"stats": {
    "name": "All Requests",
    "numberOfRequests": {
        "total": 2847,
        "ok": 2847,
        "ko": 0
    },
    "minResponseTime": {
        "total": 2,
        "ok": 2,
        "ko": 0
    },
    "maxResponseTime": {
        "total": 406,
        "ok": 406,
        "ko": 0
    },
    "meanResponseTime": {
        "total": 34,
        "ok": 34,
        "ko": 0
    },
    "standardDeviation": {
        "total": 32,
        "ok": 32,
        "ko": 0
    },
    "percentiles1": {
        "total": 25,
        "ok": 25,
        "ko": 0
    },
    "percentiles2": {
        "total": 42,
        "ok": 42,
        "ko": 0
    },
    "percentiles3": {
        "total": 91,
        "ok": 91,
        "ko": 0
    },
    "percentiles4": {
        "total": 171,
        "ok": 171,
        "ko": 0
    },
    "group1": {
    "name": "t < 800 ms",
    "htmlName": "t < 800 ms",
    "count": 2847,
    "percentage": 100
},
    "group2": {
    "name": "800 ms <= t < 1200 ms",
    "htmlName": "t >= 800 ms <br> t < 1200 ms",
    "count": 0,
    "percentage": 0
},
    "group3": {
    "name": "t >= 1200 ms",
    "htmlName": "t >= 1200 ms",
    "count": 0,
    "percentage": 0
},
    "group4": {
    "name": "failed",
    "htmlName": "failed",
    "count": 0,
    "percentage": 0
},
    "meanNumberOfRequestsPerSecond": {
        "total": 28.18811881188119,
        "ok": 28.18811881188119,
        "ko": 0
    }
},
"contents": {
"req_search-13348": {
        "type": "REQUEST",
        "name": "Search",
"path": "Search",
"pathFormatted": "req_search-13348",
"stats": {
    "name": "Search",
    "numberOfRequests": {
        "total": 2847,
        "ok": 2847,
        "ko": 0
    },
    "minResponseTime": {
        "total": 2,
        "ok": 2,
        "ko": 0
    },
    "maxResponseTime": {
        "total": 406,
        "ok": 406,
        "ko": 0
    },
    "meanResponseTime": {
        "total": 34,
        "ok": 34,
        "ko": 0
    },
    "standardDeviation": {
        "total": 32,
        "ok": 32,
        "ko": 0
    },
    "percentiles1": {
        "total": 25,
        "ok": 25,
        "ko": 0
    },
    "percentiles2": {
        "total": 42,
        "ok": 42,
        "ko": 0
    },
    "percentiles3": {
        "total": 91,
        "ok": 91,
        "ko": 0
    },
    "percentiles4": {
        "total": 171,
        "ok": 171,
        "ko": 0
    },
    "group1": {
    "name": "t < 800 ms",
    "htmlName": "t < 800 ms",
    "count": 2847,
    "percentage": 100
},
    "group2": {
    "name": "800 ms <= t < 1200 ms",
    "htmlName": "t >= 800 ms <br> t < 1200 ms",
    "count": 0,
    "percentage": 0
},
    "group3": {
    "name": "t >= 1200 ms",
    "htmlName": "t >= 1200 ms",
    "count": 0,
    "percentage": 0
},
    "group4": {
    "name": "failed",
    "htmlName": "failed",
    "count": 0,
    "percentage": 0
},
    "meanNumberOfRequestsPerSecond": {
        "total": 28.18811881188119,
        "ok": 28.18811881188119,
        "ko": 0
    }
}
    }
}

}