{
    "name": "All Requests",
    "numberOfRequests": {
        "total": 18,
        "ok": 18,
        "ko": 0
    },
    "minResponseTime": {
        "total": 5494,
        "ok": 5494,
        "ko": 0
    },
    "maxResponseTime": {
        "total": 6711,
        "ok": 6711,
        "ko": 0
    },
    "meanResponseTime": {
        "total": 5660,
        "ok": 5660,
        "ko": 0
    },
    "standardDeviation": {
        "total": 279,
        "ok": 279,
        "ko": 0
    },
    "percentiles1": {
        "total": 5570,
        "ok": 5570,
        "ko": 0
    },
    "percentiles2": {
        "total": 5631,
        "ok": 5631,
        "ko": 0
    },
    "percentiles3": {
        "total": 6075,
        "ok": 6075,
        "ko": 0
    },
    "percentiles4": {
        "total": 6584,
        "ok": 6584,
        "ko": 0
    },
    "group1": {
    "name": "t < 800 ms",
    "htmlName": "t < 800 ms",
    "count": 0,
    "percentage": 0
},
    "group2": {
    "name": "800 ms <= t < 1200 ms",
    "htmlName": "t >= 800 ms <br> t < 1200 ms",
    "count": 0,
    "percentage": 0
},
    "group3": {
    "name": "t >= 1200 ms",
    "htmlName": "t >= 1200 ms",
    "count": 18,
    "percentage": 100
},
    "group4": {
    "name": "failed",
    "htmlName": "failed",
    "count": 0,
    "percentage": 0
},
    "meanNumberOfRequestsPerSecond": {
        "total": 0.17475728155339806,
        "ok": 0.17475728155339806,
        "ko": 0
    }
}