{
    "name": "All Requests",
    "numberOfRequests": {
        "total": 145,
        "ok": 145,
        "ko": 0
    },
    "minResponseTime": {
        "total": 5622,
        "ok": 5622,
        "ko": 0
    },
    "maxResponseTime": {
        "total": 28062,
        "ok": 28062,
        "ko": 0
    },
    "meanResponseTime": {
        "total": 7053,
        "ok": 7053,
        "ko": 0
    },
    "standardDeviation": {
        "total": 2704,
        "ok": 2704,
        "ko": 0
    },
    "percentiles1": {
        "total": 6201,
        "ok": 6201,
        "ko": 0
    },
    "percentiles2": {
        "total": 7039,
        "ok": 7039,
        "ko": 0
    },
    "percentiles3": {
        "total": 11908,
        "ok": 11908,
        "ko": 0
    },
    "percentiles4": {
        "total": 18887,
        "ok": 18887,
        "ko": 0
    },
    "group1": {
    "name": "t < 800 ms",
    "htmlName": "t < 800 ms",
    "count": 0,
    "percentage": 0
},
    "group2": {
    "name": "800 ms <= t < 1200 ms",
    "htmlName": "t >= 800 ms <br> t < 1200 ms",
    "count": 0,
    "percentage": 0
},
    "group3": {
    "name": "t >= 1200 ms",
    "htmlName": "t >= 1200 ms",
    "count": 145,
    "percentage": 100
},
    "group4": {
    "name": "failed",
    "htmlName": "failed",
    "count": 0,
    "percentage": 0
},
    "meanNumberOfRequestsPerSecond": {
        "total": 1.3425925925925926,
        "ok": 1.3425925925925926,
        "ko": 0
    }
}