{
  "type": "GROUP",
"name": "All Requests",
"path": "",
"pathFormatted": "group_missing-name-b06d1",
"stats": {
    "name": "All Requests",
    "numberOfRequests": {
        "total": 15255,
        "ok": 15255,
        "ko": 0
    },
    "minResponseTime": {
        "total": 3,
        "ok": 3,
        "ko": 0
    },
    "maxResponseTime": {
        "total": 31974,
        "ok": 31974,
        "ko": 0
    },
    "meanResponseTime": {
        "total": 652,
        "ok": 652,
        "ko": 0
    },
    "standardDeviation": {
        "total": 1187,
        "ok": 1187,
        "ko": 0
    },
    "percentiles1": {
        "total": 482,
        "ok": 482,
        "ko": 0
    },
    "percentiles2": {
        "total": 607,
        "ok": 607,
        "ko": 0
    },
    "percentiles3": {
        "total": 1304,
        "ok": 1302,
        "ko": 0
    },
    "percentiles4": {
        "total": 5159,
        "ok": 5159,
        "ko": 0
    },
    "group1": {
    "name": "t < 800 ms",
    "htmlName": "t < 800 ms",
    "count": 12665,
    "percentage": 83
},
    "group2": {
    "name": "800 ms <= t < 1200 ms",
    "htmlName": "t >= 800 ms <br> t < 1200 ms",
    "count": 1695,
    "percentage": 11
},
    "group3": {
    "name": "t >= 1200 ms",
    "htmlName": "t >= 1200 ms",
    "count": 895,
    "percentage": 6
},
    "group4": {
    "name": "failed",
    "htmlName": "failed",
    "count": 0,
    "percentage": 0
},
    "meanNumberOfRequestsPerSecond": {
        "total": 151.03960396039605,
        "ok": 151.03960396039605,
        "ko": 0
    }
},
"contents": {
"req_search-13348": {
        "type": "REQUEST",
        "name": "Search",
"path": "Search",
"pathFormatted": "req_search-13348",
"stats": {
    "name": "Search",
    "numberOfRequests": {
        "total": 15255,
        "ok": 15255,
        "ko": 0
    },
    "minResponseTime": {
        "total": 3,
        "ok": 3,
        "ko": 0
    },
    "maxResponseTime": {
        "total": 31974,
        "ok": 31974,
        "ko": 0
    },
    "meanResponseTime": {
        "total": 652,
        "ok": 652,
        "ko": 0
    },
    "standardDeviation": {
        "total": 1187,
        "ok": 1187,
        "ko": 0
    },
    "percentiles1": {
        "total": 482,
        "ok": 482,
        "ko": 0
    },
    "percentiles2": {
        "total": 607,
        "ok": 607,
        "ko": 0
    },
    "percentiles3": {
        "total": 1302,
        "ok": 1302,
        "ko": 0
    },
    "percentiles4": {
        "total": 5159,
        "ok": 5159,
        "ko": 0
    },
    "group1": {
    "name": "t < 800 ms",
    "htmlName": "t < 800 ms",
    "count": 12665,
    "percentage": 83
},
    "group2": {
    "name": "800 ms <= t < 1200 ms",
    "htmlName": "t >= 800 ms <br> t < 1200 ms",
    "count": 1695,
    "percentage": 11
},
    "group3": {
    "name": "t >= 1200 ms",
    "htmlName": "t >= 1200 ms",
    "count": 895,
    "percentage": 6
},
    "group4": {
    "name": "failed",
    "htmlName": "failed",
    "count": 0,
    "percentage": 0
},
    "meanNumberOfRequestsPerSecond": {
        "total": 151.03960396039605,
        "ok": 151.03960396039605,
        "ko": 0
    }
}
    }
}

}