{
  "type": "GROUP",
"name": "All Requests",
"path": "",
"pathFormatted": "group_missing-name-b06d1",
"stats": {
    "name": "All Requests",
    "numberOfRequests": {
        "total": 378,
        "ok": 193,
        "ko": 185
    },
    "minResponseTime": {
        "total": 5722,
        "ok": 5722,
        "ko": 30009
    },
    "maxResponseTime": {
        "total": 60016,
        "ok": 36017,
        "ko": 60016
    },
    "meanResponseTime": {
        "total": 31704,
        "ok": 29020,
        "ko": 34503
    },
    "standardDeviation": {
        "total": 10053,
        "ok": 8997,
        "ko": 10329
    },
    "percentiles1": {
        "total": 30043,
        "ok": 32320,
        "ko": 30035
    },
    "percentiles2": {
        "total": 35202,
        "ok": 35369,
        "ko": 31531
    },
    "percentiles3": {
        "total": 60003,
        "ok": 35707,
        "ko": 60011
    },
    "percentiles4": {
        "total": 60015,
        "ok": 36008,
        "ko": 60016
    },
    "group1": {
    "name": "t < 800 ms",
    "htmlName": "t < 800 ms",
    "count": 0,
    "percentage": 0
},
    "group2": {
    "name": "800 ms <= t < 1200 ms",
    "htmlName": "t >= 800 ms <br> t < 1200 ms",
    "count": 0,
    "percentage": 0
},
    "group3": {
    "name": "t >= 1200 ms",
    "htmlName": "t >= 1200 ms",
    "count": 193,
    "percentage": 51
},
    "group4": {
    "name": "failed",
    "htmlName": "failed",
    "count": 185,
    "percentage": 49
},
    "meanNumberOfRequestsPerSecond": {
        "total": 2.589041095890411,
        "ok": 1.321917808219178,
        "ko": 1.2671232876712328
    }
},
"contents": {
"req_search-13348": {
        "type": "REQUEST",
        "name": "Search",
"path": "Search",
"pathFormatted": "req_search-13348",
"stats": {
    "name": "Search",
    "numberOfRequests": {
        "total": 378,
        "ok": 193,
        "ko": 185
    },
    "minResponseTime": {
        "total": 5722,
        "ok": 5722,
        "ko": 30009
    },
    "maxResponseTime": {
        "total": 60016,
        "ok": 36017,
        "ko": 60016
    },
    "meanResponseTime": {
        "total": 31704,
        "ok": 29020,
        "ko": 34503
    },
    "standardDeviation": {
        "total": 10053,
        "ok": 8997,
        "ko": 10329
    },
    "percentiles1": {
        "total": 30043,
        "ok": 32320,
        "ko": 30035
    },
    "percentiles2": {
        "total": 35202,
        "ok": 35369,
        "ko": 31531
    },
    "percentiles3": {
        "total": 60003,
        "ok": 35707,
        "ko": 60011
    },
    "percentiles4": {
        "total": 60015,
        "ok": 36008,
        "ko": 60016
    },
    "group1": {
    "name": "t < 800 ms",
    "htmlName": "t < 800 ms",
    "count": 0,
    "percentage": 0
},
    "group2": {
    "name": "800 ms <= t < 1200 ms",
    "htmlName": "t >= 800 ms <br> t < 1200 ms",
    "count": 0,
    "percentage": 0
},
    "group3": {
    "name": "t >= 1200 ms",
    "htmlName": "t >= 1200 ms",
    "count": 193,
    "percentage": 51
},
    "group4": {
    "name": "failed",
    "htmlName": "failed",
    "count": 185,
    "percentage": 49
},
    "meanNumberOfRequestsPerSecond": {
        "total": 2.589041095890411,
        "ok": 1.321917808219178,
        "ko": 1.2671232876712328
    }
}
    }
}

}